Rank,Club,Country,Level,Elo,From,To
None,Bradford,ENG,2,1404.71984863,1985-07-01,1985-08-17
None,Bradford,ENG,2,1416.05883789,1985-08-18,1985-08-24
None,Bradford,ENG,2,1413.47790527,1985-08-25,1985-08-26
None,Bradford,ENG,2,1409.43225098,1985-08-27,1985-09-01
None,Bradford,ENG,2,1420.50109863,1985-09-02,1985-09-07
None,Bradford,ENG,2,1414.23693848,1985-09-08,1985-09-14
None,Bradford,ENG,2,1422.04528809,1985-09-15,1985-09-21
None,Bradford,ENG,2,1419.07373047,1985-09-22,1985-09-28
None,Bradford,ENG,2,1413.94165039,1985-09-29,1985-10-05
None,Bradford,ENG,2,1409.75292969,1985-10-06,1985-10-12
None,Bradford,ENG,2,1420.98474121,1985-10-13,1985-10-15
None,Bradford,ENG,2,1425.49755859,1985-10-16,1985-10-19
None,Bradford,ENG,2,1428.49572754,1985-10-20,1985-10-26
None,Bradford,ENG,2,1411.96630859,1985-10-27,1985-11-02
None,Bradford,ENG,2,1419.18847656,1985-11-03,1985-11-09
None,Bradford,ENG,2,1426.38110352,1985-11-10,1985-11-23
None,Bradford,ENG,2,1420.27990723,1985-11-24,1985-12-03
None,Bradford,ENG,2,1429.98620605,1985-12-04,1985-12-07
None,Bradford,ENG,2,1422.97888184,1985-12-08,1985-12-13
None,Bradford,ENG,2,1427.61987305,1985-12-14,1985-12-20
None,Bradford,ENG,2,1436.46289062,1985-12-21,1985-12-26
None,Bradford,ENG,2,1447.53039551,1985-12-27,1986-01-01
None,Bradford,ENG,2,1457.85949707,1986-01-02,1986-01-11
None,Bradford,ENG,2,1452.82067871,1986-01-12,1986-01-18
None,Bradford,ENG,2,1446.76330566,1986-01-19,1986-03-01
None,Bradford,ENG,2,1438.04150391,1986-03-02,1986-03-04
None,Bradford,ENG,2,1444.16906738,1986-03-05,1986-03-08
None,Bradford,ENG,2,1451.52978516,1986-03-09,1986-03-11
None,Bradford,ENG,2,1444.93249512,1986-03-12,1986-03-15
None,Bradford,ENG,2,1449.42578125,1986-03-16,1986-03-19
None,Bradford,ENG,2,1441.53186035,1986-03-20,1986-03-22
None,Bradford,ENG,2,1451.73132324,1986-03-23,1986-03-29
None,Bradford,ENG,2,1455.2166748,1986-03-30,1986-04-02
None,Bradford,ENG,2,1462.9630127,1986-04-03,1986-04-05
None,Bradford,ENG,2,1457.92260742,1986-04-06,1986-04-09
None,Bradford,ENG,2,1448.86096191,1986-04-10,1986-04-12
None,Bradford,ENG,2,1442.92663574,1986-04-13,1986-04-19
None,Bradford,ENG,2,1437.51660156,1986-04-20,1986-04-23
None,Bradford,ENG,2,1443.70031738,1986-04-24,1986-04-26
None,Bradford,ENG,2,1454.03735352,1986-04-27,1986-04-30
None,Bradford,ENG,2,1440.19055176,1986-05-01,1986-05-03
None,Bradford,ENG,2,1433.50354004,1986-05-04,1986-05-08
None,Bradford,ENG,2,1434.9654541,1986-05-09,1986-08-23
None,Bradford,ENG,2,1431.7244873,1986-08-24,1986-08-25
None,Bradford,ENG,2,1428.65075684,1986-08-26,1986-08-30
None,Bradford,ENG,2,1432.76477051,1986-08-31,1986-09-03
None,Bradford,ENG,2,1425.02099609,1986-09-04,1986-09-06
None,Bradford,ENG,2,1411.68139648,1986-09-07,1986-09-13
None,Bradford,ENG,2,1423.28771973,1986-09-14,1986-09-17
None,Bradford,ENG,2,1423.68432617,1986-09-18,1986-09-20
None,Bradford,ENG,2,1434.56066895,1986-09-21,1986-09-27
None,Bradford,ENG,2,1445.65771484,1986-09-28,1986-10-01
None,Bradford,ENG,2,1445.76025391,1986-10-02,1986-10-04
None,Bradford,ENG,2,1444.96850586,1986-10-05,1986-10-11
None,Bradford,ENG,2,1436.41687012,1986-10-12,1986-10-18
None,Bradford,ENG,2,1430.7388916,1986-10-19,1986-10-22
None,Bradford,ENG,2,1433.80957031,1986-10-23,1986-11-01
None,Bradford,ENG,2,1444.36962891,1986-11-02,1986-11-05
None,Bradford,ENG,2,1440.60876465,1986-11-06,1986-11-08
None,Bradford,ENG,2,1437.9375,1986-11-09,1986-11-15
None,Bradford,ENG,2,1443.69946289,1986-11-16,1986-11-22
None,Bradford,ENG,2,1438.71899414,1986-11-23,1986-11-29
None,Bradford,ENG,2,1423.4140625,1986-11-30,1986-12-06
None,Bradford,ENG,2,1427.51464844,1986-12-07,1986-12-12
None,Bradford,ENG,2,1418.32666016,1986-12-13,1986-12-21
None,Bradford,ENG,2,1415.60900879,1986-12-22,1986-12-26
None,Bradford,ENG,2,1407.48425293,1986-12-27,1986-12-27
None,Bradford,ENG,2,1398.35009766,1986-12-28,1987-01-03
None,Bradford,ENG,2,1399.39428711,1987-01-04,1987-01-17
None,Bradford,ENG,2,1415.50085449,1987-01-18,1987-01-24
None,Bradford,ENG,2,1411.47790527,1987-01-25,1987-02-07
None,Bradford,ENG,2,1421.58825684,1987-02-08,1987-02-14
None,Bradford,ENG,2,1426.12243652,1987-02-15,1987-02-21
None,Bradford,ENG,2,1424.10791016,1987-02-22,1987-02-28
None,Bradford,ENG,2,1420.17370605,1987-03-01,1987-03-07
None,Bradford,ENG,2,1428.90307617,1987-03-08,1987-03-14
None,Bradford,ENG,2,1426.60095215,1987-03-15,1987-03-21
None,Bradford,ENG,2,1424.45715332,1987-03-22,1987-03-24
None,Bradford,ENG,2,1420.20373535,1987-03-25,1987-03-28
None,Bradford,ENG,2,1425.0579834,1987-03-29,1987-04-04
None,Bradford,ENG,2,1434.90905762,1987-04-05,1987-04-11
None,Bradford,ENG,2,1446.41186523,1987-04-12,1987-04-18
None,Bradford,ENG,2,1451.98937988,1987-04-19,1987-04-20
None,Bradford,ENG,2,1449.03100586,1987-04-21,1987-04-25
None,Bradford,ENG,2,1456.78234863,1987-04-26,1987-04-28
None,Bradford,ENG,2,1468.0480957,1987-04-29,1987-05-02
None,Bradford,ENG,2,1479.88903809,1987-05-03,1987-05-04
None,Bradford,ENG,2,1485.85986328,1987-05-05,1987-05-09
None,Bradford,ENG,2,1489.64624023,1987-05-10,1987-08-15
None,Bradford,ENG,2,1495.16748047,1987-08-16,1987-08-18
None,Bradford,ENG,2,1512.20019531,1987-08-19,1987-08-22
None,Bradford,ENG,2,1502.26062012,1987-08-23,1987-08-29
None,Bradford,ENG,2,1500.5567627,1987-08-30,1987-09-05
None,Bradford,ENG,2,1507.01904297,1987-09-06,1987-09-12
None,Bradford,ENG,2,1517.74804688,1987-09-13,1987-09-16
None,Bradford,ENG,2,1524.40942383,1987-09-17,1987-09-19
None,Bradford,ENG,2,1528.93005371,1987-09-20,1987-09-26
None,Bradford,ENG,2,1530.34362793,1987-09-27,1987-09-29
None,Bradford,ENG,2,1538.66503906,1987-09-30,1987-10-03
None,Bradford,ENG,2,1544.2364502,1987-10-04,1987-10-10
None,Bradford,ENG,2,1552.97558594,1987-10-11,1987-10-17
None,Bradford,ENG,2,1561.01391602,1987-10-18,1987-10-21
None,Bradford,ENG,2,1546.91967773,1987-10-22,1987-10-24
None,Bradford,ENG,2,1546.61181641,1987-10-25,1987-10-31
None,Bradford,ENG,2,1553.83605957,1987-11-01,1987-11-03
None,Bradford,ENG,2,1556.28295898,1987-11-04,1987-11-07
None,Bradford,ENG,2,1544.24230957,1987-11-08,1987-11-14
None,Bradford,ENG,2,1549.45471191,1987-11-15,1987-11-21
None,Bradford,ENG,2,1565.11767578,1987-11-22,1987-11-28
None,Bradford,ENG,2,1551.87854004,1987-11-29,1987-12-05
None,Bradford,ENG,2,1541.91589355,1987-12-06,1987-12-12
None,Bradford,ENG,2,1545.90466309,1987-12-13,1987-12-20
None,Bradford,ENG,2,1538.70031738,1987-12-21,1987-12-26
None,Bradford,ENG,2,1532.81079102,1987-12-27,1987-12-28
None,Bradford,ENG,2,1535.5057373,1987-12-29,1988-01-01
None,Bradford,ENG,2,1528.16967773,1988-01-02,1988-01-02
None,Bradford,ENG,2,1508.08703613,1988-01-03,1988-02-06
None,Bradford,ENG,2,1519.08496094,1988-02-07,1988-02-13
None,Bradford,ENG,2,1527.52502441,1988-02-14,1988-02-27
None,Bradford,ENG,2,1538.078125,1988-02-28,1988-03-01
None,Bradford,ENG,2,1524.68139648,1988-03-02,1988-03-05
None,Bradford,ENG,2,1524.95715332,1988-03-06,1988-03-12
None,Bradford,ENG,2,1531.9876709,1988-03-13,1988-03-19
None,Bradford,ENG,2,1534.89770508,1988-03-20,1988-03-30
None,Bradford,ENG,2,1536.13574219,1988-03-31,1988-04-02
None,Bradford,ENG,2,1532.74914551,1988-04-03,1988-04-04
None,Bradford,ENG,2,1540.05432129,1988-04-05,1988-04-09
None,Bradford,ENG,2,1546.18859863,1988-04-10,1988-04-20
None,Bradford,ENG,2,1551.93701172,1988-04-21,1988-04-23
None,Bradford,ENG,2,1554.25488281,1988-04-24,1988-04-30
None,Bradford,ENG,2,1563.79833984,1988-05-01,1988-05-02
None,Bradford,ENG,2,1559.29455566,1988-05-03,1988-05-07
None,Bradford,ENG,2,1547.83544922,1988-05-08,1988-05-15
None,Bradford,ENG,2,1550.49755859,1988-05-16,1988-05-18
None,Bradford,ENG,2,1537.03942871,1988-05-19,1988-08-27
None,Bradford,ENG,2,1547.36413574,1988-08-28,1988-08-29
None,Bradford,ENG,2,1543.94824219,1988-08-30,1988-09-03
None,Bradford,ENG,2,1548.20043945,1988-09-04,1988-09-07
None,Bradford,ENG,2,1549.38952637,1988-09-08,1988-09-10
None,Bradford,ENG,2,1548.16479492,1988-09-11,1988-09-17
None,Bradford,ENG,2,1557.24450684,1988-09-18,1988-09-20
None,Bradford,ENG,2,1551.71777344,1988-09-21,1988-09-24
None,Bradford,ENG,2,1554.52429199,1988-09-25,1988-10-01
None,Bradford,ENG,2,1561.68469238,1988-10-02,1988-10-05
None,Bradford,ENG,2,1564.35827637,1988-10-06,1988-10-08
None,Bradford,ENG,2,1553.33764648,1988-10-09,1988-10-15
None,Bradford,ENG,2,1544.26025391,1988-10-16,1988-10-22
None,Bradford,ENG,2,1536.3527832,1988-10-23,1988-10-26
None,Bradford,ENG,2,1526.79614258,1988-10-27,1988-10-29
None,Bradford,ENG,2,1537.57824707,1988-10-30,1988-11-05
None,Bradford,ENG,2,1525.23291016,1988-11-06,1988-11-09
None,Bradford,ENG,2,1519.99414062,1988-11-10,1988-11-12
None,Bradford,ENG,2,1521.92358398,1988-11-13,1988-11-19
None,Bradford,ENG,2,1522.58544922,1988-11-20,1988-11-26
None,Bradford,ENG,2,1516.72106934,1988-11-27,1988-12-03
None,Bradford,ENG,2,1511.10668945,1988-12-04,1988-12-10
None,Bradford,ENG,2,1502.20446777,1988-12-11,1988-12-17
None,Bradford,ENG,2,1499.49060059,1988-12-18,1988-12-26
None,Bradford,ENG,2,1500.45678711,1988-12-27,1988-12-31
None,Bradford,ENG,2,1507.27075195,1989-01-01,1989-01-02
None,Bradford,ENG,2,1513.16882324,1989-01-03,1989-01-14
None,Bradford,ENG,2,1507.18322754,1989-01-15,1989-01-21
None,Bradford,ENG,2,1495.28845215,1989-01-22,1989-02-04
None,Bradford,ENG,2,1490.66687012,1989-02-05,1989-02-11
None,Bradford,ENG,2,1487.72106934,1989-02-12,1989-02-18
None,Bradford,ENG,2,1497.91552734,1989-02-19,1989-02-25
None,Bradford,ENG,2,1491.64831543,1989-02-26,1989-03-01
None,Bradford,ENG,2,1496.09729004,1989-03-02,1989-03-04
None,Bradford,ENG,2,1485.85217285,1989-03-05,1989-03-11
None,Bradford,ENG,2,1476.03991699,1989-03-12,1989-03-15
None,Bradford,ENG,2,1474.73486328,1989-03-16,1989-03-18
None,Bradford,ENG,2,1483.95385742,1989-03-19,1989-03-25
None,Bradford,ENG,2,1495.89013672,1989-03-26,1989-03-27
None,Bradford,ENG,2,1492.68786621,1989-03-28,1989-04-01
None,Bradford,ENG,2,1495.44677734,1989-04-02,1989-04-04
None,Bradford,ENG,2,1490.33496094,1989-04-05,1989-04-08
None,Bradford,ENG,2,1495.40979004,1989-04-09,1989-04-15
None,Bradford,ENG,2,1493.33825684,1989-04-16,1989-04-22
None,Bradford,ENG,2,1503.75878906,1989-04-23,1989-04-29
None,Bradford,ENG,2,1509.75756836,1989-04-30,1989-05-01
None,Bradford,ENG,2,1499.99389648,1989-05-02,1989-05-06
None,Bradford,ENG,2,1496.56298828,1989-05-07,1989-05-13
None,Bradford,ENG,2,1496.75048828,1989-05-14,1989-08-19
None,Bradford,ENG,2,1491.83886719,1989-08-20,1989-08-23
None,Bradford,ENG,2,1487.53051758,1989-08-24,1989-08-26
None,Bradford,ENG,2,1487.23242188,1989-08-27,1989-09-02
None,Bradford,ENG,2,1483.90466309,1989-09-03,1989-09-09
None,Bradford,ENG,2,1478.09521484,1989-09-10,1989-09-13
None,Bradford,ENG,2,1480.34851074,1989-09-14,1989-09-16
None,Bradford,ENG,2,1488.12194824,1989-09-17,1989-09-23
None,Bradford,ENG,2,1481.74597168,1989-09-24,1989-09-26
None,Bradford,ENG,2,1476.43432617,1989-09-27,1989-09-30
None,Bradford,ENG,2,1475.15820312,1989-10-01,1989-10-07
None,Bradford,ENG,2,1482.9609375,1989-10-08,1989-10-14
None,Bradford,ENG,2,1479.82397461,1989-10-15,1989-10-18
None,Bradford,ENG,2,1486.31237793,1989-10-19,1989-10-21
None,Bradford,ENG,2,1481.24755859,1989-10-22,1989-10-28
None,Bradford,ENG,2,1473.37756348,1989-10-29,1989-10-31
None,Bradford,ENG,2,1477.28271484,1989-11-01,1989-11-04
None,Bradford,ENG,2,1480.07702637,1989-11-05,1989-11-11
None,Bradford,ENG,2,1467.8380127,1989-11-12,1989-11-18
None,Bradford,ENG,2,1471.36657715,1989-11-19,1989-11-25
None,Bradford,ENG,2,1476.9050293,1989-11-26,1989-12-02
None,Bradford,ENG,2,1470.08605957,1989-12-03,1989-12-09
None,Bradford,ENG,2,1479.18225098,1989-12-10,1989-12-16
None,Bradford,ENG,2,1468.59655762,1989-12-17,1989-12-26
None,Bradford,ENG,2,1460.18786621,1989-12-27,1989-12-30
None,Bradford,ENG,2,1469.87695312,1989-12-31,1990-01-01
None,Bradford,ENG,2,1474.16247559,1990-01-02,1990-01-13
None,Bradford,ENG,2,1471.83032227,1990-01-14,1990-01-20
None,Bradford,ENG,2,1460.94787598,1990-01-21,1990-02-03
None,Bradford,ENG,2,1458.58789062,1990-02-04,1990-02-10
None,Bradford,ENG,2,1461.75378418,1990-02-11,1990-02-17
None,Bradford,ENG,2,1452.52453613,1990-02-18,1990-02-24
None,Bradford,ENG,2,1447.13183594,1990-02-25,1990-03-03
None,Bradford,ENG,2,1432.76977539,1990-03-04,1990-03-06
None,Bradford,ENG,2,1428.45568848,1990-03-07,1990-03-10
None,Bradford,ENG,2,1434.16271973,1990-03-11,1990-03-14
None,Bradford,ENG,2,1427.45019531,1990-03-15,1990-03-17
None,Bradford,ENG,2,1421.73706055,1990-03-18,1990-03-21
None,Bradford,ENG,2,1432.07873535,1990-03-22,1990-03-24
None,Bradford,ENG,2,1428.23242188,1990-03-25,1990-03-31
None,Bradford,ENG,2,1420.43762207,1990-04-01,1990-04-07
None,Bradford,ENG,2,1426.96032715,1990-04-08,1990-04-14
None,Bradford,ENG,2,1420.32226562,1990-04-15,1990-04-16
None,Bradford,ENG,2,1413.70043945,1990-04-17,1990-04-21
None,Bradford,ENG,2,1422.078125,1990-04-22,1990-04-28
None,Bradford,ENG,2,1417.21691895,1990-04-29,1990-05-05
None,Bradford,ENG,2,1408.44226074,1990-05-06,1990-05-07
None,Bradford,ENG,2,1409.88879395,1990-05-08,1990-07-04
None,Bradford,ENG,2,1352.89160156,1996-07-02,1996-08-17
None,Bradford,ENG,2,1362.67126465,1996-08-18,1996-08-24
None,Bradford,ENG,2,1358.00354004,1996-08-25,1996-08-28
None,Bradford,ENG,2,1354.43701172,1996-08-29,1996-08-31
None,Bradford,ENG,2,1362.72607422,1996-09-01,1996-09-07
None,Bradford,ENG,2,1352.32324219,1996-09-08,1996-09-10
None,Bradford,ENG,2,1339.59106445,1996-09-11,1996-09-11
None,Bradford,ENG,2,1338.09655762,1996-09-12,1996-09-12
None,Bradford,ENG,2,1338.24609375,1996-09-13,1996-09-14
None,Bradford,ENG,2,1329.61767578,1996-09-15,1996-09-21
None,Bradford,ENG,2,1321.79821777,1996-09-22,1996-09-24
None,Bradford,ENG,2,1318.20483398,1996-09-25,1996-09-25
None,Bradford,ENG,2,1319.83850098,1996-09-26,1996-09-26
None,Bradford,ENG,2,1319.96240234,1996-09-27,1996-09-29
None,Bradford,ENG,2,1323.75183105,1996-09-30,1996-10-02
None,Bradford,ENG,2,1330.72973633,1996-10-03,1996-10-05
None,Bradford,ENG,2,1329.83605957,1996-10-06,1996-10-12
None,Bradford,ENG,2,1321.2166748,1996-10-13,1996-10-15
None,Bradford,ENG,2,1319.9432373,1996-10-16,1996-10-16
None,Bradford,ENG,2,1322.33032227,1996-10-17,1996-10-17
None,Bradford,ENG,2,1325.17407227,1996-10-18,1996-10-19
None,Bradford,ENG,2,1326.67785645,1996-10-20,1996-10-26
None,Bradford,ENG,2,1331.15136719,1996-10-27,1996-10-29
None,Bradford,ENG,2,1326.29638672,1996-10-30,1996-10-30
None,Bradford,ENG,2,1318.43835449,1996-10-31,1996-10-31
None,Bradford,ENG,2,1320.03271484,1996-11-01,1996-11-02
None,Bradford,ENG,2,1306.2208252,1996-11-03,1996-11-08
None,Bradford,ENG,2,1310.53063965,1996-11-09,1996-11-16
None,Bradford,ENG,2,1319.42810059,1996-11-17,1996-11-19
None,Bradford,ENG,2,1322.15881348,1996-11-20,1996-11-23
None,Bradford,ENG,2,1340.30505371,1996-11-24,1996-11-28
None,Bradford,ENG,2,1336.29699707,1996-11-29,1996-11-30
None,Bradford,ENG,2,1336.21386719,1996-12-01,1996-12-03
None,Bradford,ENG,2,1342.13696289,1996-12-04,1996-12-04
None,Bradford,ENG,2,1349.74145508,1996-12-05,1996-12-07
None,Bradford,ENG,2,1345.99609375,1996-12-08,1996-12-17
None,Bradford,ENG,2,1345.7779541,1996-12-18,1996-12-21
None,Bradford,ENG,2,1348.64208984,1996-12-22,1996-12-26
None,Bradford,ENG,2,1343.21606445,1996-12-27,1996-12-28
None,Bradford,ENG,2,1337.11853027,1996-12-29,1997-01-01
None,Bradford,ENG,2,1334.5345459,1997-01-02,1997-01-11
None,Bradford,ENG,2,1346.25817871,1997-01-12,1997-01-18
None,Bradford,ENG,2,1349.77661133,1997-01-19,1997-01-28
None,Bradford,ENG,2,1358.15063477,1997-01-29,1997-02-01
None,Bradford,ENG,2,1357.55236816,1997-02-02,1997-02-08
None,Bradford,ENG,2,1353.4239502,1997-02-09,1997-02-22
None,Bradford,ENG,2,1364.4041748,1997-02-23,1997-03-01
None,Bradford,ENG,2,1354.65795898,1997-03-02,1997-03-04
None,Bradford,ENG,2,1347.64123535,1997-03-05,1997-03-05
None,Bradford,ENG,2,1359.69421387,1997-03-06,1997-03-06
None,Bradford,ENG,2,1359.64123535,1997-03-07,1997-03-08
None,Bradford,ENG,2,1350.34362793,1997-03-09,1997-03-15
None,Bradford,ENG,2,1354.8770752,1997-03-16,1997-03-18
None,Bradford,ENG,2,1351.93151855,1997-03-19,1997-03-19
None,Bradford,ENG,2,1353.81933594,1997-03-20,1997-03-20
None,Bradford,ENG,2,1354.77282715,1997-03-21,1997-03-22
None,Bradford,ENG,2,1364.56677246,1997-03-23,1997-03-29
None,Bradford,ENG,2,1359.33361816,1997-03-30,1997-03-31
None,Bradford,ENG,2,1367.76635742,1997-04-01,1997-04-04
None,Bradford,ENG,2,1360.5357666,1997-04-05,1997-04-09
None,Bradford,ENG,2,1359.16052246,1997-04-10,1997-04-10
None,Bradford,ENG,2,1352.96289062,1997-04-11,1997-04-12
None,Bradford,ENG,2,1354.83850098,1997-04-13,1997-04-19
None,Bradford,ENG,2,1343.63635254,1997-04-20,1997-04-23
None,Bradford,ENG,2,1338.03686523,1997-04-24,1997-04-24
None,Bradford,ENG,2,1340.13049316,1997-04-25,1997-04-26
None,Bradford,ENG,2,1336.08679199,1997-04-27,1997-05-01
None,Bradford,ENG,2,1344.27111816,1997-05-02,1997-05-04
None,Bradford,ENG,2,1361.77258301,1997-05-05,1997-08-09
None,Bradford,ENG,2,1367.92004395,1997-08-10,1997-08-13
None,Bradford,ENG,2,1368.2520752,1997-08-14,1997-08-15
None,Bradford,ENG,2,1367.46472168,1997-08-16,1997-08-23
None,Bradford,ENG,2,1377.0222168,1997-08-24,1997-08-27
None,Bradford,ENG,2,1381.50292969,1997-08-28,1997-08-30
None,Bradford,ENG,2,1399.73950195,1997-08-31,1997-09-02
None,Bradford,ENG,2,1409.58911133,1997-09-03,1997-09-05
None,Bradford,ENG,2,1395.19714355,1997-09-06,1997-09-13
None,Bradford,ENG,2,1397.99658203,1997-09-14,1997-09-16
None,Bradford,ENG,2,1399.27844238,1997-09-17,1997-09-17
None,Bradford,ENG,2,1405.96142578,1997-09-18,1997-09-18
None,Bradford,ENG,2,1409.20178223,1997-09-19,1997-09-21
None,Bradford,ENG,2,1400.38513184,1997-09-22,1997-09-27
None,Bradford,ENG,2,1402.17297363,1997-09-28,1997-09-30
None,Bradford,ENG,2,1395.53710938,1997-10-01,1997-10-01
None,Bradford,ENG,2,1399.28808594,1997-10-02,1997-10-02
None,Bradford,ENG,2,1402.44873047,1997-10-03,1997-10-04
None,Bradford,ENG,2,1414.00866699,1997-10-05,1997-10-18
None,Bradford,ENG,2,1417.35522461,1997-10-19,1997-10-21
None,Bradford,ENG,2,1413.90380859,1997-10-22,1997-10-22
None,Bradford,ENG,2,1412.77648926,1997-10-23,1997-10-23
None,Bradford,ENG,2,1411.68603516,1997-10-24,1997-10-25
None,Bradford,ENG,2,1417.30053711,1997-10-26,1997-11-01
None,Bradford,ENG,2,1416.33483887,1997-11-02,1997-11-04
None,Bradford,ENG,2,1426.98168945,1997-11-05,1997-11-05
None,Bradford,ENG,2,1424.53417969,1997-11-06,1997-11-06
None,Bradford,ENG,2,1426.50244141,1997-11-07,1997-11-08
None,Bradford,ENG,2,1420.68725586,1997-11-09,1997-11-15
None,Bradford,ENG,2,1410.9161377,1997-11-16,1997-11-18
None,Bradford,ENG,2,1412.5925293,1997-11-19,1997-11-22
None,Bradford,ENG,2,1407.35388184,1997-11-23,1997-11-25
None,Bradford,ENG,2,1406.23376465,1997-11-26,1997-11-26
None,Bradford,ENG,2,1404.50549316,1997-11-27,1997-11-27
None,Bradford,ENG,2,1404.92932129,1997-11-28,1997-11-29
None,Bradford,ENG,2,1410.98803711,1997-11-30,1997-12-06
None,Bradford,ENG,2,1417.33959961,1997-12-07,1997-12-09
None,Bradford,ENG,2,1423.04272461,1997-12-10,1997-12-10
None,Bradford,ENG,2,1424.48986816,1997-12-11,1997-12-13
None,Bradford,ENG,2,1429.50341797,1997-12-14,1997-12-21
None,Bradford,ENG,2,1424.13549805,1997-12-22,1997-12-26
None,Bradford,ENG,2,1419.62194824,1997-12-27,1997-12-28
None,Bradford,ENG,2,1416.6697998,1997-12-29,1998-01-10
None,Bradford,ENG,2,1428.09130859,1998-01-11,1998-01-16
None,Bradford,ENG,2,1421.52575684,1998-01-17,1998-01-24
None,Bradford,ENG,2,1418.26293945,1998-01-25,1998-01-27
None,Bradford,ENG,2,1429.35571289,1998-01-28,1998-01-31
None,Bradford,ENG,2,1425.34362793,1998-02-01,1998-02-07
None,Bradford,ENG,2,1433.50500488,1998-02-08,1998-02-14
None,Bradford,ENG,2,1430.61889648,1998-02-15,1998-02-18
None,Bradford,ENG,2,1426.09106445,1998-02-19,1998-02-21
None,Bradford,ENG,2,1424.03259277,1998-02-22,1998-02-24
None,Bradford,ENG,2,1429.6373291,1998-02-25,1998-02-28
None,Bradford,ENG,2,1425.68676758,1998-03-01,1998-03-03
None,Bradford,ENG,2,1424.79699707,1998-03-04,1998-03-04
None,Bradford,ENG,2,1426.33288574,1998-03-05,1998-03-05
None,Bradford,ENG,2,1432.1340332,1998-03-06,1998-03-07
None,Bradford,ENG,2,1433.99328613,1998-03-08,1998-03-14
None,Bradford,ENG,2,1434.6784668,1998-03-15,1998-03-17
None,Bradford,ENG,2,1433.24365234,1998-03-18,1998-03-18
None,Bradford,ENG,2,1428.07897949,1998-03-19,1998-03-19
None,Bradford,ENG,2,1432.36413574,1998-03-20,1998-03-21
None,Bradford,ENG,2,1423.73718262,1998-03-22,1998-03-28
None,Bradford,ENG,2,1430.2557373,1998-03-29,1998-04-02
None,Bradford,ENG,2,1428.89855957,1998-04-03,1998-04-04
None,Bradford,ENG,2,1438.27282715,1998-04-05,1998-04-11
None,Bradford,ENG,2,1428.24584961,1998-04-12,1998-04-13
None,Bradford,ENG,2,1419.23718262,1998-04-14,1998-04-16
None,Bradford,ENG,2,1425.48535156,1998-04-17,1998-04-19
None,Bradford,ENG,2,1423.72180176,1998-04-20,1998-04-25
None,Bradford,ENG,2,1410.37390137,1998-04-26,1998-05-03
None,Bradford,ENG,2,1396.71118164,1998-05-04,1998-05-13
None,Bradford,ENG,2,1401.18371582,1998-05-14,1998-08-08
None,Bradford,ENG,2,1392.65661621,1998-08-09,1998-08-12
None,Bradford,ENG,2,1393.2401123,1998-08-13,1998-08-15
None,Bradford,ENG,2,1387.58825684,1998-08-16,1998-08-23
None,Bradford,ENG,2,1391.15722656,1998-08-24,1998-08-26
None,Bradford,ENG,2,1391.31323242,1998-08-27,1998-08-28
None,Bradford,ENG,2,1386.56945801,1998-08-29,1998-08-31
None,Bradford,ENG,2,1397.65148926,1998-09-01,1998-09-08
None,Bradford,ENG,2,1393.37646484,1998-09-09,1998-09-12
None,Bradford,ENG,2,1393.94934082,1998-09-13,1998-09-15
None,Bradford,ENG,2,1391.26879883,1998-09-16,1998-09-16
None,Bradford,ENG,2,1390.57141113,1998-09-17,1998-09-17
None,Bradford,ENG,2,1391.16101074,1998-09-18,1998-09-20
None,Bradford,ENG,2,1407.98876953,1998-09-21,1998-09-26
None,Bradford,ENG,2,1416.3260498,1998-09-27,1998-09-29
None,Bradford,ENG,2,1425.8458252,1998-09-30,1998-09-30
None,Bradford,ENG,2,1429.70751953,1998-10-01,1998-10-01
None,Bradford,ENG,2,1426.05407715,1998-10-02,1998-10-03
None,Bradford,ENG,2,1433.00085449,1998-10-04,1998-10-09
None,Bradford,ENG,2,1443.34387207,1998-10-10,1998-10-17
None,Bradford,ENG,2,1434.05737305,1998-10-18,1998-10-20
None,Bradford,ENG,2,1451.22583008,1998-10-21,1998-10-21
None,Bradford,ENG,2,1454.03063965,1998-10-22,1998-10-22
None,Bradford,ENG,2,1451.0703125,1998-10-23,1998-10-31
None,Bradford,ENG,2,1460.86425781,1998-11-01,1998-11-03
None,Bradford,ENG,2,1454.44287109,1998-11-04,1998-11-04
None,Bradford,ENG,2,1450.6907959,1998-11-05,1998-11-05
None,Bradford,ENG,2,1454.80090332,1998-11-06,1998-11-07
None,Bradford,ENG,2,1457.79199219,1998-11-08,1998-11-10
None,Bradford,ENG,2,1468.13452148,1998-11-11,1998-11-14
None,Bradford,ENG,2,1475.08044434,1998-11-15,1998-11-21
None,Bradford,ENG,2,1468.05163574,1998-11-22,1998-11-24
None,Bradford,ENG,2,1465.14660645,1998-11-25,1998-11-25
None,Bradford,ENG,2,1461.37927246,1998-11-26,1998-11-28
None,Bradford,ENG,2,1440.96154785,1998-11-29,1998-12-05
None,Bradford,ENG,2,1450.35437012,1998-12-06,1998-12-08
None,Bradford,ENG,2,1446.50158691,1998-12-09,1998-12-09
None,Bradford,ENG,2,1451.39990234,1998-12-10,1998-12-12
None,Bradford,ENG,2,1465.28088379,1998-12-13,1998-12-19
None,Bradford,ENG,2,1471.71398926,1998-12-20,1998-12-26
None,Bradford,ENG,2,1476.32373047,1998-12-27,1998-12-28
None,Bradford,ENG,2,1484.33703613,1998-12-29,1999-01-09
None,Bradford,ENG,2,1492.84777832,1999-01-10,1999-01-16
None,Bradford,ENG,2,1498.20556641,1999-01-17,1999-01-19
None,Bradford,ENG,2,1502.92736816,1999-01-20,1999-01-31
None,Bradford,ENG,2,1498.16235352,1999-02-01,1999-02-06
None,Bradford,ENG,2,1504.93151855,1999-02-07,1999-02-13
None,Bradford,ENG,2,1504.49072266,1999-02-14,1999-02-19
None,Bradford,ENG,2,1506.20800781,1999-02-20,1999-02-27
None,Bradford,ENG,2,1510.92175293,1999-02-28,1999-03-03
None,Bradford,ENG,2,1523.80969238,1999-03-04,1999-03-04
None,Bradford,ENG,2,1524.37915039,1999-03-05,1999-03-09
None,Bradford,ENG,2,1517.63635254,1999-03-10,1999-03-13
None,Bradford,ENG,2,1525.26135254,1999-03-14,1999-03-17
None,Bradford,ENG,2,1528.33959961,1999-03-18,1999-03-18
None,Bradford,ENG,2,1528.51269531,1999-03-19,1999-03-20
None,Bradford,ENG,2,1534.10388184,1999-03-21,1999-03-28
None,Bradford,ENG,2,1526.43261719,1999-03-29,1999-04-03
None,Bradford,ENG,2,1533.90698242,1999-04-04,1999-04-05
None,Bradford,ENG,2,1542.27770996,1999-04-06,1999-04-07
None,Bradford,ENG,2,1539.99975586,1999-04-08,1999-04-08
None,Bradford,ENG,2,1537.53442383,1999-04-09,1999-04-10
None,Bradford,ENG,2,1540.81921387,1999-04-11,1999-04-13
None,Bradford,ENG,2,1538.06262207,1999-04-14,1999-04-17
None,Bradford,ENG,2,1525.28173828,1999-04-18,1999-04-21
None,Bradford,ENG,2,1532.57312012,1999-04-22,1999-04-24
None,Bradford,ENG,2,1539.11755371,1999-04-25,1999-05-01
None,Bradford,ENG,2,1533.31738281,1999-05-02,1999-05-09
None,Bradford,ENG,2,1543.06884766,1999-05-10,1999-05-26
None,Bradford,ENG,2,1546.83679199,1999-05-27,1999-07-01
None,Bradford,ENG,1,1546.83679199,1999-07-02,1999-08-07
None,Bradford,ENG,1,1558.68359375,1999-08-08,1999-08-11
None,Bradford,ENG,1,1559.02722168,1999-08-12,1999-08-14
None,Bradford,ENG,1,1558.75708008,1999-08-15,1999-08-21
None,Bradford,ENG,1,1551.4744873,1999-08-22,1999-08-25
None,Bradford,ENG,1,1549.25878906,1999-08-26,1999-08-28
None,Bradford,ENG,1,1537.72937012,1999-08-29,1999-09-12
None,Bradford,ENG,1,1538.72961426,1999-09-13,1999-09-14
None,Bradford,ENG,1,1541.31970215,1999-09-15,1999-09-15
None,Bradford,ENG,1,1540.42492676,1999-09-16,1999-09-16
None,Bradford,ENG,1,1547.1192627,1999-09-17,1999-09-18
None,Bradford,ENG,1,1543.8684082,1999-09-19,1999-09-21
None,Bradford,ENG,1,1541.26306152,1999-09-22,1999-09-22
None,Bradford,ENG,1,1545.3248291,1999-09-23,1999-09-25
None,Bradford,ENG,1,1557.24206543,1999-09-26,1999-09-28
None,Bradford,ENG,1,1558.45678711,1999-09-29,1999-09-29
None,Bradford,ENG,1,1561.85644531,1999-09-30,1999-09-30
None,Bradford,ENG,1,1562.25793457,1999-10-01,1999-10-02
None,Bradford,ENG,1,1551.03405762,1999-10-03,1999-10-16
None,Bradford,ENG,1,1545.59875488,1999-10-17,1999-10-19
None,Bradford,ENG,1,1536.13330078,1999-10-20,1999-10-20
None,Bradford,ENG,1,1543.2442627,1999-10-21,1999-10-21
None,Bradford,ENG,1,1544.39160156,1999-10-22,1999-10-23
None,Bradford,ENG,1,1558.06152344,1999-10-24,1999-10-26
None,Bradford,ENG,1,1560.07995605,1999-10-27,1999-10-27
None,Bradford,ENG,1,1557.32946777,1999-10-28,1999-10-28
None,Bradford,ENG,1,1558.70153809,1999-10-29,1999-11-01
None,Bradford,ENG,1,1555.12280273,1999-11-02,1999-11-02
None,Bradford,ENG,1,1557.71862793,1999-11-03,1999-11-03
None,Bradford,ENG,1,1559.68139648,1999-11-04,1999-11-04
None,Bradford,ENG,1,1551.18188477,1999-11-05,1999-11-06
None,Bradford,ENG,1,1551.44714355,1999-11-07,1999-11-20
None,Bradford,ENG,1,1549.72229004,1999-11-21,1999-11-23
None,Bradford,ENG,1,1545.44775391,1999-11-24,1999-11-24
None,Bradford,ENG,1,1547.00170898,1999-11-25,1999-11-25
None,Bradford,ENG,1,1550.08435059,1999-11-26,1999-11-28
None,Bradford,ENG,1,1548.49060059,1999-11-29,1999-12-02
None,Bradford,ENG,1,1547.27197266,1999-12-03,1999-12-04
None,Bradford,ENG,1,1547.32495117,1999-12-05,1999-12-07
None,Bradford,ENG,1,1550.02734375,1999-12-08,1999-12-08
None,Bradford,ENG,1,1552.84753418,1999-12-09,1999-12-09
None,Bradford,ENG,1,1555.03027344,1999-12-10,1999-12-18
None,Bradford,ENG,1,1566.48461914,1999-12-19,1999-12-26
None,Bradford,ENG,1,1564.55847168,1999-12-27,1999-12-28
None,Bradford,ENG,1,1565.40625,1999-12-29,2000-01-03
None,Bradford,ENG,1,1560.75439453,2000-01-04,2000-01-08
None,Bradford,ENG,1,1564.71582031,2000-01-09,2000-01-15
None,Bradford,ENG,1,1557.03625488,2000-01-16,2000-01-22
None,Bradford,ENG,1,1561.38439941,2000-01-23,2000-02-05
None,Bradford,ENG,1,1574.15600586,2000-02-06,2000-02-12
None,Bradford,ENG,1,1570.51538086,2000-02-13,2000-02-26
None,Bradford,ENG,1,1571.64331055,2000-02-27,2000-02-29
None,Bradford,ENG,1,1568.48217773,2000-03-01,2000-03-01
None,Bradford,ENG,1,1569.91442871,2000-03-02,2000-03-02
None,Bradford,ENG,1,1578.92346191,2000-03-03,2000-03-04
None,Bradford,ENG,1,1583.98498535,2000-03-05,2000-03-07
None,Bradford,ENG,1,1586.79785156,2000-03-08,2000-03-08
None,Bradford,ENG,1,1588.07226562,2000-03-09,2000-03-09
None,Bradford,ENG,1,1591.6328125,2000-03-10,2000-03-12
None,Bradford,ENG,1,1587.26049805,2000-03-13,2000-03-14
None,Bradford,ENG,1,1592.02270508,2000-03-15,2000-03-15
None,Bradford,ENG,1,1593.50195312,2000-03-16,2000-03-16
None,Bradford,ENG,1,1598.75756836,2000-03-17,2000-03-18
None,Bradford,ENG,1,1590.69812012,2000-03-19,2000-03-21
None,Bradford,ENG,1,1591.09082031,2000-03-22,2000-03-22
None,Bradford,ENG,1,1586.91137695,2000-03-23,2000-03-23
None,Bradford,ENG,1,1588.38244629,2000-03-24,2000-03-25
None,Bradford,ENG,1,1583.31152344,2000-03-26,2000-04-01
None,Bradford,ENG,1,1579.01696777,2000-04-02,2000-04-04
None,Bradford,ENG,1,1579.57824707,2000-04-05,2000-04-05
None,Bradford,ENG,1,1583.6373291,2000-04-06,2000-04-06
None,Bradford,ENG,1,1579.65771484,2000-04-07,2000-04-08
None,Bradford,ENG,1,1571.09411621,2000-04-09,2000-04-15
None,Bradford,ENG,1,1565.05371094,2000-04-16,2000-04-18
None,Bradford,ENG,1,1556.79284668,2000-04-19,2000-04-19
None,Bradford,ENG,1,1550.14819336,2000-04-20,2000-04-20
None,Bradford,ENG,1,1549.57873535,2000-04-21,2000-04-21
None,Bradford,ENG,1,1549.46765137,2000-04-22,2000-04-24
None,Bradford,ENG,1,1563.61804199,2000-04-25,2000-04-30
None,Bradford,ENG,1,1574.00769043,2000-05-01,2000-05-06
None,Bradford,ENG,1,1568.32177734,2000-05-07,2000-05-14
None,Bradford,ENG,1,1579.8302002,2000-05-15,2000-05-17
None,Bradford,ENG,1,1578.67224121,2000-05-18,2000-08-09
None,Bradford,ENG,1,1578.7220459,2000-08-10,2000-08-19
None,Bradford,ENG,1,1576.26538086,2000-08-20,2000-08-22
None,Bradford,ENG,1,1592.93811035,2000-08-23,2000-08-23
None,Bradford,ENG,1,1596.31433105,2000-08-24,2000-08-26
None,Bradford,ENG,1,1596.84594727,2000-08-27,2000-09-05
None,Bradford,ENG,1,1594.35388184,2000-09-06,2000-09-09
None,Bradford,ENG,1,1599.35388184,2000-09-10,2000-09-12
None,Bradford,ENG,1,1602.84228516,2000-09-13,2000-09-13
None,Bradford,ENG,1,1601.22961426,2000-09-14,2000-09-14
None,Bradford,ENG,1,1600.29785156,2000-09-15,2000-09-16
None,Bradford,ENG,1,1595.67102051,2000-09-17,2000-09-19
None,Bradford,ENG,1,1598.05651855,2000-09-20,2000-09-20
None,Bradford,ENG,1,1598.49951172,2000-09-21,2000-09-23
None,Bradford,ENG,1,1589.6151123,2000-09-24,2000-09-26
None,Bradford,ENG,1,1587.546875,2000-09-27,2000-09-27
None,Bradford,ENG,1,1590.70593262,2000-09-28,2000-09-28
None,Bradford,ENG,1,1576.86657715,2000-09-29,2000-09-30
None,Bradford,ENG,1,1581.60839844,2000-10-01,2000-10-14
None,Bradford,ENG,1,1572.8067627,2000-10-15,2000-10-17
None,Bradford,ENG,1,1574.30493164,2000-10-18,2000-10-18
None,Bradford,ENG,1,1575.37475586,2000-10-19,2000-10-21
None,Bradford,ENG,1,1564.64416504,2000-10-22,2000-10-24
None,Bradford,ENG,1,1560.2208252,2000-10-25,2000-10-25
None,Bradford,ENG,1,1561.40405273,2000-10-26,2000-10-26
None,Bradford,ENG,1,1561.65673828,2000-10-27,2000-10-29
None,Bradford,ENG,1,1565.48876953,2000-10-30,2000-11-04
None,Bradford,ENG,1,1558.72607422,2000-11-05,2000-11-07
None,Bradford,ENG,1,1550.38220215,2000-11-08,2000-11-08
None,Bradford,ENG,1,1553.33776855,2000-11-09,2000-11-09
None,Bradford,ENG,1,1554.37939453,2000-11-10,2000-11-11
None,Bradford,ENG,1,1547.01342773,2000-11-12,2000-11-18
None,Bradford,ENG,1,1539.99865723,2000-11-19,2000-11-21
None,Bradford,ENG,1,1541.11230469,2000-11-22,2000-11-22
None,Bradford,ENG,1,1531.49902344,2000-11-23,2000-11-23
None,Bradford,ENG,1,1534.19958496,2000-11-24,2000-11-25
None,Bradford,ENG,1,1538.66625977,2000-11-26,2000-12-02
None,Bradford,ENG,1,1545.76269531,2000-12-03,2000-12-05
None,Bradford,ENG,1,1549.58239746,2000-12-06,2000-12-06
None,Bradford,ENG,1,1551.74902344,2000-12-07,2000-12-07
None,Bradford,ENG,1,1555.62145996,2000-12-08,2000-12-09
None,Bradford,ENG,1,1556.72766113,2000-12-10,2000-12-16
None,Bradford,ENG,1,1553.75463867,2000-12-17,2000-12-23
None,Bradford,ENG,1,1549.43359375,2000-12-24,2000-12-26
None,Bradford,ENG,1,1539.60510254,2000-12-27,2001-01-01
None,Bradford,ENG,1,1553.46032715,2001-01-02,2001-01-13
None,Bradford,ENG,1,1549.73486328,2001-01-14,2001-01-21
None,Bradford,ENG,1,1556.60327148,2001-01-22,2001-01-30
None,Bradford,ENG,1,1554.22094727,2001-01-31,2001-02-03
None,Bradford,ENG,1,1542.98059082,2001-02-04,2001-02-10
None,Bradford,ENG,1,1537.70422363,2001-02-11,2001-02-13
None,Bradford,ENG,1,1543.39978027,2001-02-14,2001-02-14
None,Bradford,ENG,1,1544.3338623,2001-02-15,2001-02-15
None,Bradford,ENG,1,1550.87231445,2001-02-16,2001-02-20
None,Bradford,ENG,1,1548.99401855,2001-02-21,2001-02-21
None,Bradford,ENG,1,1553.93554688,2001-02-22,2001-02-22
None,Bradford,ENG,1,1551.88098145,2001-02-23,2001-02-24
None,Bradford,ENG,1,1545.61193848,2001-02-25,2001-03-04
None,Bradford,ENG,1,1541.67492676,2001-03-05,2001-03-06
None,Bradford,ENG,1,1541.81640625,2001-03-07,2001-03-07
None,Bradford,ENG,1,1540.52832031,2001-03-08,2001-03-08
None,Bradford,ENG,1,1541.03540039,2001-03-09,2001-03-13
None,Bradford,ENG,1,1541.6328125,2001-03-14,2001-03-14
None,Bradford,ENG,1,1538.75769043,2001-03-15,2001-03-15
None,Bradford,ENG,1,1541.62683105,2001-03-16,2001-03-17
None,Bradford,ENG,1,1540.65087891,2001-03-18,2001-03-31
None,Bradford,ENG,1,1542.6463623,2001-04-01,2001-04-03
None,Bradford,ENG,1,1537.82385254,2001-04-04,2001-04-04
None,Bradford,ENG,1,1545.34423828,2001-04-05,2001-04-05
None,Bradford,ENG,1,1547.0279541,2001-04-06,2001-04-10
None,Bradford,ENG,1,1543.72167969,2001-04-11,2001-04-13
None,Bradford,ENG,1,1557.44213867,2001-04-14,2001-04-17
None,Bradford,ENG,1,1552.80517578,2001-04-18,2001-04-18
None,Bradford,ENG,1,1549.46643066,2001-04-19,2001-04-19
None,Bradford,ENG,1,1552.75268555,2001-04-20,2001-04-21
None,Bradford,ENG,1,1564.45239258,2001-04-22,2001-04-28
None,Bradford,ENG,1,1560.234375,2001-04-29,2001-05-01
None,Bradford,ENG,1,1555.98364258,2001-05-02,2001-05-02
None,Bradford,ENG,1,1555.1451416,2001-05-03,2001-05-05
None,Bradford,ENG,1,1557.33789062,2001-05-06,2001-05-08
None,Bradford,ENG,1,1552.91430664,2001-05-09,2001-05-13
None,Bradford,ENG,1,1549.24804688,2001-05-14,2001-05-16
None,Bradford,ENG,1,1552.06787109,2001-05-17,2001-05-19
None,Bradford,ENG,1,1555.47912598,2001-05-20,2001-07-01
None,Bradford,ENG,2,1555.47912598,2001-07-02,2001-08-08
None,Bradford,ENG,2,1555.52160645,2001-08-09,2001-08-11
None,Bradford,ENG,2,1563.83496094,2001-08-12,2001-08-18
None,Bradford,ENG,2,1570.35974121,2001-08-19,2001-08-21
None,Bradford,ENG,2,1570.36657715,2001-08-22,2001-08-24
None,Bradford,ENG,2,1577.36975098,2001-08-25,2001-09-02
None,Bradford,ENG,2,1565.71191406,2001-09-03,2001-09-08
None,Bradford,ENG,2,1565.8770752,2001-09-09,2001-09-11
None,Bradford,ENG,2,1561.54101562,2001-09-12,2001-09-14
None,Bradford,ENG,2,1569.84814453,2001-09-15,2001-09-17
None,Bradford,ENG,2,1569.07824707,2001-09-18,2001-09-18
None,Bradford,ENG,2,1570.36804199,2001-09-19,2001-09-19
None,Bradford,ENG,2,1572.37072754,2001-09-20,2001-09-20
None,Bradford,ENG,2,1557.0670166,2001-09-21,2001-09-25
None,Bradford,ENG,2,1537.45532227,2001-09-26,2001-09-26
None,Bradford,ENG,2,1536.27197266,2001-09-27,2001-09-27
None,Bradford,ENG,2,1543.1081543,2001-09-28,2001-09-29
None,Bradford,ENG,2,1546.91760254,2001-09-30,2001-10-10
None,Bradford,ENG,2,1551.99938965,2001-10-11,2001-10-13
None,Bradford,ENG,2,1535.39245605,2001-10-14,2001-10-16
None,Bradford,ENG,2,1529.72009277,2001-10-17,2001-10-17
None,Bradford,ENG,2,1525.56347656,2001-10-18,2001-10-18
None,Bradford,ENG,2,1520.31494141,2001-10-19,2001-10-20
None,Bradford,ENG,2,1508.27697754,2001-10-21,2001-10-23
None,Bradford,ENG,2,1499.34631348,2001-10-24,2001-10-24
None,Bradford,ENG,2,1501.18530273,2001-10-25,2001-10-27
None,Bradford,ENG,2,1506.85656738,2001-10-28,2001-10-30
None,Bradford,ENG,2,1503.89807129,2001-10-31,2001-10-31
None,Bradford,ENG,2,1504.35864258,2001-11-01,2001-11-01
None,Bradford,ENG,2,1501.22155762,2001-11-02,2001-11-02
None,Bradford,ENG,2,1501.1541748,2001-11-03,2001-11-10
None,Bradford,ENG,2,1517.52075195,2001-11-11,2001-11-17
None,Bradford,ENG,2,1522.80419922,2001-11-18,2001-11-20
None,Bradford,ENG,2,1521.68261719,2001-11-21,2001-11-21
None,Bradford,ENG,2,1520.04553223,2001-11-22,2001-11-22
None,Bradford,ENG,2,1522.40466309,2001-11-23,2001-11-24
None,Bradford,ENG,2,1515.7911377,2001-11-25,2001-12-01
None,Bradford,ENG,2,1504.88037109,2001-12-02,2001-12-04
None,Bradford,ENG,2,1507.65563965,2001-12-05,2001-12-05
None,Bradford,ENG,2,1510.02783203,2001-12-06,2001-12-06
None,Bradford,ENG,2,1504.7689209,2001-12-07,2001-12-08
None,Bradford,ENG,2,1510.80773926,2001-12-09,2001-12-16
None,Bradford,ENG,2,1504.41369629,2001-12-17,2001-12-23
None,Bradford,ENG,2,1493.67321777,2001-12-24,2001-12-26
None,Bradford,ENG,2,1483.7565918,2001-12-27,2001-12-29
None,Bradford,ENG,2,1473.73876953,2001-12-30,2002-01-12
None,Bradford,ENG,2,1481.09008789,2002-01-13,2002-01-19
None,Bradford,ENG,2,1481.9765625,2002-01-20,2002-01-29
None,Bradford,ENG,2,1473.33862305,2002-01-30,2002-02-02
None,Bradford,ENG,2,1480.39868164,2002-02-03,2002-02-16
None,Bradford,ENG,2,1473.59265137,2002-02-17,2002-02-19
None,Bradford,ENG,2,1474.53674316,2002-02-20,2002-02-20
None,Bradford,ENG,2,1471.61865234,2002-02-21,2002-02-21
None,Bradford,ENG,2,1472.28637695,2002-02-22,2002-02-23
None,Bradford,ENG,2,1491.38671875,2002-02-24,2002-02-26
None,Bradford,ENG,2,1499.10852051,2002-02-27,2002-02-27
None,Bradford,ENG,2,1501.65600586,2002-02-28,2002-02-28
None,Bradford,ENG,2,1495.86608887,2002-03-01,2002-03-02
None,Bradford,ENG,2,1479.88452148,2002-03-03,2002-03-05
None,Bradford,ENG,2,1469.06677246,2002-03-06,2002-03-08
None,Bradford,ENG,2,1461.66882324,2002-03-09,2002-03-12
None,Bradford,ENG,2,1444.52575684,2002-03-13,2002-03-13
None,Bradford,ENG,2,1444.53735352,2002-03-14,2002-03-16
None,Bradford,ENG,2,1445.35632324,2002-03-17,2002-03-19
None,Bradford,ENG,2,1452.08007812,2002-03-20,2002-03-20
None,Bradford,ENG,2,1453.65637207,2002-03-21,2002-03-23
None,Bradford,ENG,2,1461.38354492,2002-03-24,2002-03-29
None,Bradford,ENG,2,1464.00402832,2002-03-30,2002-04-01
None,Bradford,ENG,2,1454.91516113,2002-04-02,2002-04-02
None,Bradford,ENG,2,1459.54602051,2002-04-03,2002-04-03
None,Bradford,ENG,2,1460.73327637,2002-04-04,2002-04-06
None,Bradford,ENG,2,1472.39880371,2002-04-07,2002-04-09
None,Bradford,ENG,2,1467.02648926,2002-04-10,2002-04-10
None,Bradford,ENG,2,1467.5925293,2002-04-11,2002-04-13
None,Bradford,ENG,2,1460.6920166,2002-04-14,2002-04-21
None,Bradford,ENG,2,1461.14990234,2002-04-22,2002-04-24
None,Bradford,ENG,2,1458.83239746,2002-04-25,2002-05-01
None,Bradford,ENG,2,1458.03747559,2002-05-02,2002-08-11
None,Bradford,ENG,2,1458.61767578,2002-08-12,2002-08-13
None,Bradford,ENG,2,1460.60900879,2002-08-14,2002-08-14
None,Bradford,ENG,2,1459.54406738,2002-08-15,2002-08-15
None,Bradford,ENG,2,1459.54077148,2002-08-16,2002-08-17
None,Bradford,ENG,2,1451.6472168,2002-08-18,2002-08-24
None,Bradford,ENG,2,1448.54467773,2002-08-25,2002-08-26
None,Bradford,ENG,2,1462.71887207,2002-08-27,2002-08-27
None,Bradford,ENG,2,1464.17163086,2002-08-28,2002-08-28
None,Bradford,ENG,2,1464.45825195,2002-08-29,2002-08-29
None,Bradford,ENG,2,1464.48205566,2002-08-30,2002-08-31
None,Bradford,ENG,2,1473.17919922,2002-09-01,2002-09-14
None,Bradford,ENG,2,1480.97106934,2002-09-15,2002-09-17
None,Bradford,ENG,2,1473.3157959,2002-09-18,2002-09-18
None,Bradford,ENG,2,1471.3302002,2002-09-19,2002-09-19
None,Bradford,ENG,2,1468.95214844,2002-09-20,2002-09-21
None,Bradford,ENG,2,1466.49121094,2002-09-22,2002-09-24
None,Bradford,ENG,2,1464.34106445,2002-09-25,2002-09-25
None,Bradford,ENG,2,1467.89892578,2002-09-26,2002-09-28
None,Bradford,ENG,2,1457.94226074,2002-09-29,2002-10-01
None,Bradford,ENG,2,1458.73901367,2002-10-02,2002-10-02
None,Bradford,ENG,2,1461.6105957,2002-10-03,2002-10-03
None,Bradford,ENG,2,1460.31213379,2002-10-04,2002-10-05
None,Bradford,ENG,2,1459.6340332,2002-10-06,2002-10-12
None,Bradford,ENG,2,1460.0637207,2002-10-13,2002-10-19
None,Bradford,ENG,2,1452.07897949,2002-10-20,2002-10-22
None,Bradford,ENG,2,1448.33935547,2002-10-23,2002-10-23
None,Bradford,ENG,2,1454.1003418,2002-10-24,2002-10-26
None,Bradford,ENG,2,1463.60766602,2002-10-27,2002-10-29
None,Bradford,ENG,2,1451.24755859,2002-10-30,2002-10-30
None,Bradford,ENG,2,1445.72387695,2002-10-31,2002-10-31
None,Bradford,ENG,2,1451.49206543,2002-11-01,2002-11-02
None,Bradford,ENG,2,1441.81408691,2002-11-03,2002-11-09
None,Bradford,ENG,2,1429.61547852,2002-11-10,2002-11-12
None,Bradford,ENG,2,1427.11706543,2002-11-13,2002-11-13
None,Bradford,ENG,2,1432.49182129,2002-11-14,2002-11-14
None,Bradford,ENG,2,1430.37243652,2002-11-15,2002-11-16
None,Bradford,ENG,2,1422.49206543,2002-11-17,2002-11-23
None,Bradford,ENG,2,1404.80932617,2002-11-24,2002-11-26
None,Bradford,ENG,2,1407.58703613,2002-11-27,2002-11-27
None,Bradford,ENG,2,1406.78649902,2002-11-28,2002-11-28
None,Bradford,ENG,2,1408.91943359,2002-11-29,2002-11-30
None,Bradford,ENG,2,1404.1574707,2002-12-01,2002-12-07
None,Bradford,ENG,2,1391.60021973,2002-12-08,2002-12-10
None,Bradford,ENG,2,1390.74914551,2002-12-11,2002-12-11
None,Bradford,ENG,2,1391.3125,2002-12-12,2002-12-12
None,Bradford,ENG,2,1385.83422852,2002-12-13,2002-12-14
None,Bradford,ENG,2,1395.29284668,2002-12-15,2002-12-21
None,Bradford,ENG,2,1390.4041748,2002-12-22,2002-12-26
None,Bradford,ENG,2,1398.05541992,2002-12-27,2002-12-28
None,Bradford,ENG,2,1410.69470215,2002-12-29,2003-01-18
None,Bradford,ENG,2,1405.37756348,2003-01-19,2003-01-25
None,Bradford,ENG,2,1414.60876465,2003-01-26,2003-02-01
None,Bradford,ENG,2,1429.33215332,2003-02-02,2003-02-08
None,Bradford,ENG,2,1432.70910645,2003-02-09,2003-02-15
None,Bradford,ENG,2,1421.27575684,2003-02-16,2003-02-18
None,Bradford,ENG,2,1423.33288574,2003-02-19,2003-02-19
None,Bradford,ENG,2,1425.18981934,2003-02-20,2003-02-20
None,Bradford,ENG,2,1427.58349609,2003-02-21,2003-02-22
None,Bradford,ENG,2,1443.66564941,2003-02-23,2003-02-25
None,Bradford,ENG,2,1450.19433594,2003-02-26,2003-02-26
None,Bradford,ENG,2,1451.0925293,2003-02-27,2003-02-27
None,Bradford,ENG,2,1452.7734375,2003-02-28,2003-03-01
None,Bradford,ENG,2,1442.63220215,2003-03-02,2003-03-04
None,Bradford,ENG,2,1445.80725098,2003-03-05,2003-03-08
None,Bradford,ENG,2,1453.51391602,2003-03-09,2003-03-11
None,Bradford,ENG,2,1452.7322998,2003-03-12,2003-03-12
None,Bradford,ENG,2,1450.11437988,2003-03-13,2003-03-13
None,Bradford,ENG,2,1451.20629883,2003-03-14,2003-03-15
None,Bradford,ENG,2,1461.29553223,2003-03-16,2003-03-18
None,Bradford,ENG,2,1454.73339844,2003-03-19,2003-03-19
None,Bradford,ENG,2,1448.17297363,2003-03-20,2003-03-20
None,Bradford,ENG,2,1440.87109375,2003-03-21,2003-03-22
None,Bradford,ENG,2,1432.67175293,2003-03-23,2003-03-25
None,Bradford,ENG,2,1446.6940918,2003-03-26,2003-03-29
None,Bradford,ENG,2,1441.21765137,2003-03-30,2003-04-05
None,Bradford,ENG,2,1431.70275879,2003-04-06,2003-04-08
None,Bradford,ENG,2,1429.34606934,2003-04-09,2003-04-19
None,Bradford,ENG,2,1435.87329102,2003-04-20,2003-04-21
None,Bradford,ENG,2,1429.27099609,2003-04-22,2003-04-23
None,Bradford,ENG,2,1428.66552734,2003-04-24,2003-04-26
None,Bradford,ENG,2,1423.49890137,2003-04-27,2003-04-29
None,Bradford,ENG,2,1416.48913574,2003-04-30,2003-05-04
None,Bradford,ENG,2,1404.03442383,2003-05-05,2003-08-09
None,Bradford,ENG,2,1404.47521973,2003-08-10,2003-08-13
None,Bradford,ENG,2,1406.96118164,2003-08-14,2003-08-14
None,Bradford,ENG,2,1406.98925781,2003-08-15,2003-08-16
None,Bradford,ENG,2,1419.66772461,2003-08-17,2003-08-23
None,Bradford,ENG,2,1410.51708984,2003-08-24,2003-08-26
None,Bradford,ENG,2,1408.59228516,2003-08-27,2003-08-27
None,Bradford,ENG,2,1404.40820312,2003-08-28,2003-08-28
None,Bradford,ENG,2,1404.40991211,2003-08-29,2003-08-30
None,Bradford,ENG,2,1389.55334473,2003-08-31,2003-09-13
None,Bradford,ENG,2,1397.5489502,2003-09-14,2003-09-16
None,Bradford,ENG,2,1413.87646484,2003-09-17,2003-09-17
None,Bradford,ENG,2,1406.8338623,2003-09-18,2003-09-20
None,Bradford,ENG,2,1393.03649902,2003-09-21,2003-09-24
None,Bradford,ENG,2,1390.33447266,2003-09-25,2003-09-27
None,Bradford,ENG,2,1384.4473877,2003-09-28,2003-09-30
None,Bradford,ENG,2,1373.54418945,2003-10-01,2003-10-01
None,Bradford,ENG,2,1364.14990234,2003-10-02,2003-10-04
None,Bradford,ENG,2,1369.05395508,2003-10-05,2003-10-11
None,Bradford,ENG,2,1362.87890625,2003-10-12,2003-10-14
None,Bradford,ENG,2,1364.80603027,2003-10-15,2003-10-15
None,Bradford,ENG,2,1357.51159668,2003-10-16,2003-10-18
None,Bradford,ENG,2,1351.6583252,2003-10-19,2003-10-21
None,Bradford,ENG,2,1348.44445801,2003-10-22,2003-10-22
None,Bradford,ENG,2,1353.04711914,2003-10-23,2003-10-25
None,Bradford,ENG,2,1346.7545166,2003-10-26,2003-11-01
None,Bradford,ENG,2,1341.10229492,2003-11-02,2003-11-04
None,Bradford,ENG,2,1350.53637695,2003-11-05,2003-11-05
None,Bradford,ENG,2,1354.70898438,2003-11-06,2003-11-06
None,Bradford,ENG,2,1356.43261719,2003-11-07,2003-11-08
None,Bradford,ENG,2,1356.29492188,2003-11-09,2003-11-22
None,Bradford,ENG,2,1350.59204102,2003-11-23,2003-11-25
None,Bradford,ENG,2,1356.91870117,2003-11-26,2003-11-26
None,Bradford,ENG,2,1356.50683594,2003-11-27,2003-11-27
None,Bradford,ENG,2,1356.7199707,2003-11-28,2003-11-29
None,Bradford,ENG,2,1365.67822266,2003-11-30,2003-12-06
None,Bradford,ENG,2,1360.47729492,2003-12-07,2003-12-09
None,Bradford,ENG,2,1361.35070801,2003-12-10,2003-12-10
None,Bradford,ENG,2,1362.14294434,2003-12-11,2003-12-13
None,Bradford,ENG,2,1357.5435791,2003-12-14,2003-12-20
None,Bradford,ENG,2,1346.25598145,2003-12-21,2003-12-26
None,Bradford,ENG,2,1340.48120117,2003-12-27,2003-12-28
None,Bradford,ENG,2,1349.09887695,2003-12-29,2004-01-10
None,Bradford,ENG,2,1363.5057373,2004-01-11,2004-01-17
None,Bradford,ENG,2,1355.65307617,2004-01-18,2004-01-24
None,Bradford,ENG,2,1348.86413574,2004-01-25,2004-01-31
None,Bradford,ENG,2,1343.78759766,2004-02-01,2004-02-07
None,Bradford,ENG,2,1340.13244629,2004-02-08,2004-02-14
None,Bradford,ENG,2,1336.05126953,2004-02-15,2004-02-21
None,Bradford,ENG,2,1344.75366211,2004-02-22,2004-02-24
None,Bradford,ENG,2,1346.70397949,2004-02-25,2004-02-25
None,Bradford,ENG,2,1347.7199707,2004-02-26,2004-02-26
None,Bradford,ENG,2,1349.4017334,2004-02-27,2004-02-28
None,Bradford,ENG,2,1344.56774902,2004-02-29,2004-03-03
None,Bradford,ENG,2,1346.50500488,2004-03-04,2004-03-06
None,Bradford,ENG,2,1358.63537598,2004-03-07,2004-03-09
None,Bradford,ENG,2,1367.07421875,2004-03-10,2004-03-10
None,Bradford,ENG,2,1367.79992676,2004-03-11,2004-03-11
None,Bradford,ENG,2,1369.92565918,2004-03-12,2004-03-13
None,Bradford,ENG,2,1371.33862305,2004-03-14,2004-03-20
None,Bradford,ENG,2,1366.64257812,2004-03-21,2004-03-25
None,Bradford,ENG,2,1366.37353516,2004-03-26,2004-03-27
None,Bradford,ENG,2,1357.86547852,2004-03-28,2004-04-03
None,Bradford,ENG,2,1353.76977539,2004-04-04,2004-04-08
None,Bradford,ENG,2,1355.02026367,2004-04-09,2004-04-10
None,Bradford,ENG,2,1364.84191895,2004-04-11,2004-04-12
None,Bradford,ENG,2,1359.42822266,2004-04-13,2004-04-14
None,Bradford,ENG,2,1361.62133789,2004-04-15,2004-04-17
None,Bradford,ENG,2,1351.25183105,2004-04-18,2004-04-20
None,Bradford,ENG,2,1347.91760254,2004-04-21,2004-04-22
None,Bradford,ENG,2,1346.97375488,2004-04-23,2004-04-24
None,Bradford,ENG,2,1344.16210938,2004-04-25,2004-05-01
None,Bradford,ENG,2,1334.4140625,2004-05-02,2004-05-05
None,Bradford,ENG,2,1332.34484863,2004-05-06,2004-05-06
None,Bradford,ENG,2,1327.02819824,2004-05-07,2004-05-09
None,Bradford,ENG,2,1323.77758789,2004-05-10,2004-07-03


